Hydroelectricity: Generation*,,,,,,,,,,,Contents,,,,,,,,,,,,,,,,,,,,,,,,,,,,,,,,,,,,,,,,,,,,,,,,,Contents
,,,,,,,,,,,,,,,,,,,,,,,,,,,,,,,,,,,,,,,,,,,,,,,,,,,,,,,,Growth rate per annum,,Share,,
Terawatt-hours,1965,1966,1967,1968,1969,1970,1971,1972,1973,1974,1975,1976,1977,1978,1979,1980,1981,1982,1983,1984,1985,1986,1987,1988,1989,1990,1991,1992,1993,1994,1995,1996,1997,1998,1999,2000,2001,2002,2003,2004,2005,2006,2007,2008,2009,2010,2011,2012,2013,2014,2015,2016,2017,2018,2019,2019,2008-18,2019,,
,,,,,,,,,,,,,,,,,,,,,,,,,,,,,,,,,,,,,,,,,,,,,,,,,,,,,,,,,,,,
Canada,118.1,131.0,133.9,136.2,150.6,158.1,162.5,181.6,194.7,210.7,202.5,212.7,220.1,235.3,244.1,251.1,266.0,257.8,266.0,286.1,303.6,310.6,316.2,307.4,290.4,295.7,307.3,315.2,322.2,327.9,334.1,354.6,348.7,330.9,345.0,356.8,331.5,349.3,336.1,338.4,362.0,352.9,367.6,377.5,368.7,351.4,375.7,380.3,391.8,382.5,382.2,385.4,394.6,385.9,382.0,-1.0%,0.2%,9.0%,,
Mexico,8.9,10.1,11.0,12.6,13.4,15.0,14.6,15.5,16.4,16.7,15.2,17.3,19.2,16.2,18.0,16.9,24.6,22.9,20.7,23.6,28.4,21.3,19.3,21.8,25.4,24.5,22.6,26.8,26.7,20.3,27.6,31.3,26.4,24.6,32.7,33.1,28.4,24.9,19.9,25.2,27.7,30.4,27.3,39.2,26.7,37.2,36.3,31.9,28.0,38.9,30.9,30.7,31.8,32.5,23.8,-26.8%,-1.9%,0.6%,,
US,199.0,199.9,227.2,228.2,256.0,253.5,272.3,278.7,278.2,307.3,306.2,289.8,225.9,286.3,285.9,282.0,266.5,315.5,338.7,327.6,287.2,297.0,255.4,228.4,274.7,292.3,287.3,251.4,279.3,259.3,311.2,347.5,356.0,322.1,316.6,272.8,210.2,258.2,270.0,262.6,266.4,285.5,243.0,251.1,271.5,257.3,316.1,274.0,266.5,255.8,246.5,263.8,296.8,289.5,271.2,-6.3%,1.4%,6.4%,,
Total North America,325.9,341.1,372.2,377.0,420.1,426.6,449.3,475.9,489.2,534.7,523.9,519.8,465.2,537.8,548.1,550.1,557.1,596.2,625.4,637.3,619.3,628.9,590.9,557.7,590.5,612.4,617.2,593.4,628.1,607.5,672.9,733.5,731.0,677.6,694.3,662.6,570.2,632.3,626.0,626.1,656.1,668.9,638.0,667.8,666.9,645.8,728.1,686.2,686.4,677.1,659.5,679.9,723.2,707.9,676.9,-4.4%,0.6%,16.0%,,
,,,,,,,,,,,,,,,,,,,,,,,,,,,,,,,,,,,,,,,,,,,,,,,,,,,,,,,,,,,,
Argentina,1.2,1.2,1.3,1.5,1.3,1.6,1.5,1.5,3.0,5.0,5.2,5.0,5.8,7.8,10.7,15.1,14.7,17.6,18.4,19.9,20.6,21.0,21.8,15.0,13.0,17.9,16.2,19.8,23.6,28.0,28.5,25.9,33.0,32.4,26.5,34.0,41.9,41.5,39.1,35.4,39.4,43.6,37.7,37.2,40.8,40.5,39.6,36.9,40.7,40.9,41.8,38.3,41.5,41.6,37.1,-11.0%,1.1%,0.9%,,
Brazil,25.5,27.9,29.2,30.6,32.7,39.8,43.2,50.7,57.9,65.7,72.3,82.9,93.5,102.7,116.6,128.9,130.8,141.1,151.5,166.6,178.4,182.4,185.6,199.1,204.7,206.7,217.8,223.3,235.1,242.7,253.9,265.8,279.0,291.5,293.0,304.4,267.9,286.1,305.6,320.8,337.5,348.8,374.0,369.6,391.0,403.3,428.3,415.3,391.0,373.4,359.7,380.9,370.9,389.0,399.3,2.7%,0.5%,9.5%,,
Chile,4.0,4.2,4.3,3.6,4.0,4.3,4.8,5.7,5.6,6.4,6.4,6.6,7.0,7.3,7.4,7.9,8.2,8.9,9.6,10.0,11.1,11.8,12.8,12.6,10.5,8.9,13.1,16.7,17.2,17.0,18.4,16.9,18.9,15.9,13.6,19.1,21.7,23.2,22.6,21.0,25.6,28.2,22.3,24.3,25.2,21.8,20.5,20.2,19.9,23.0,23.6,19.7,21.3,23.4,20.9,-10.8%,-0.4%,0.5%,,
Colombia,3.5,3.9,4.4,4.9,5.4,6.1,6.4,7.1,7.7,8.8,9.7,10.2,10.5,12.1,13.3,14.4,14.3,15.2,15.4,17.1,18.4,21.3,23.2,24.5,26.8,27.5,27.7,22.3,27.9,32.1,32.0,35.3,31.5,30.8,33.7,30.8,31.6,34.0,36.2,38.3,39.2,42.6,44.2,46.2,40.8,40.6,48.4,47.6,44.4,44.7,44.7,46.8,57.3,56.6,51.5,-9.0%,2.1%,1.2%,,
Ecuador,0.2,0.3,0.3,0.3,0.4,0.4,0.4,0.4,0.4,0.5,0.6,0.6,0.6,0.8,0.7,0.9,0.8,0.9,1.7,3.2,3.3,4.0,4.6,4.8,5.0,5.0,5.1,5.0,5.8,6.6,5.2,6.3,6.5,6.5,7.2,7.6,7.1,7.5,7.2,7.4,6.9,7.1,9.0,11.3,9.2,8.6,11.1,12.2,11.0,11.5,13.1,15.8,20.1,20.7,24.7,19.3%,6.2%,0.6%,,
Peru,2.6,2.8,3.2,3.4,3.7,3.5,4.3,4.4,4.8,5.2,5.5,5.8,6.0,6.2,6.7,7.0,8.0,8.4,8.1,8.7,9.4,10.1,10.9,10.4,10.5,10.5,11.5,9.7,11.8,12.7,12.9,13.3,13.2,13.8,14.5,16.2,17.6,18.0,18.5,17.5,18.0,19.6,19.5,19.1,19.9,20.1,21.6,22.0,22.3,22.2,23.7,23.8,29.1,30.7,31.6,2.8%,4.9%,0.7%,,
Trinidad & Tobago,-,-,-,-,-,-,-,-,-,-,-,-,-,-,-,-,-,-,-,-,-,-,-,-,-,-,-,-,-,-,-,-,-,-,-,-,-,-,-,-,-,-,-,-,-,-,-,-,-,-,-,-,-,-,-,?,?,?,,
Venezuela,1.4,1.4,1.6,2.7,3.2,4.1,5.4,6.0,6.2,7.7,8.9,10.6,12.2,12.2,14.2,14.6,15.1,15.8,18.1,20.2,22.6,25.2,30.8,34.2,34.7,37.0,44.5,47.3,47.5,51.3,51.5,53.8,57.3,57.9,60.6,62.9,60.4,59.5,60.5,70.1,77.1,81.4,83.0,86.7,85.8,76.7,83.2,81.7,83.4,78.7,73.4,61.7,59.3,57.0,63.3,11.0%,-4.1%,1.5%,,
Central America,1.4,1.5,1.7,1.9,2.1,2.3,2.3,2.5,2.6,2.9,2.8,2.9,2.9,4.0,4.9,5.6,5.8,5.6,6.2,7.0,8.0,9.3,9.7,10.3,11.1,11.6,11.3,10.8,12.0,11.6,11.5,13.2,12.8,12.8,15.0,15.4,13.7,14.5,15.1,16.0,17.1,18.0,17.9,20.1,18.8,21.2,20.9,22.3,21.9,21.5,22.5,22.9,27.2,27.0,22.6,-16.1%,3.0%,0.5%,,
Other Caribbean,0.4,0.4,0.3,0.3,0.4,0.4,0.9,0.9,0.9,0.8,0.8,1.2,0.8,1.1,1.4,1.1,1.8,1.2,1.4,1.6,1.6,2.1,2.2,2.5,1.3,1.3,1.3,1.3,1.7,0.9,1.1,1.5,1.2,1.8,2.4,1.6,1.4,1.7,2.2,2.3,2.6,2.5,2.3,2.1,2.2,2.1,2.1,2.4,2.5,1.8,1.4,1.9,2.7,2.4,1.5,-35.0%,1.2%,?,,
Other South America,1.1,2.3,2.4,2.6,2.7,3.1,3.7,3.4,3.9,3.8,3.8,3.6,4.0,4.0,4.0,6.0,5.1,5.4,6.8,7.2,10.1,18.8,24.7,25.6,29.6,34.6,36.9,36.6,40.6,45.6,50.8,53.6,60.5,63.1,60.7,63.7,58.1,61.4,63.6,60.2,60.9,60.8,65.5,63.9,63.7,66.1,68.3,69.7,72.8,68.5,67.7,74.6,70.9,69.8,62.3,-10.9%,0.9%,1.5%,,
Total S. & Cent. America,41.3,46.0,48.7,51.7,55.9,65.6,73.1,82.7,93.0,106.9,115.9,129.4,143.1,158.2,179.8,201.4,204.4,220.2,237.1,261.6,283.5,306.0,326.5,339.0,347.1,361.0,385.4,392.8,423.1,448.4,465.7,485.7,513.9,526.6,527.3,555.7,521.4,547.4,570.6,589.0,624.2,652.7,675.7,680.3,697.5,700.9,744.1,730.3,709.9,686.3,671.5,686.4,700.4,718.2,714.7,-0.5%,0.5%,16.9%,,
,,,,,,,,,,,,,,,,,,,,,,,,,,,,,,,,,,,,,,,,,,,,,,,,,,,,,,,,,,,,
Austria,16.1,17.3,17.7,18.2,16.7,21.3,16.8,17.3,19.2,22.7,23.8,20.6,24.9,24.9,28.1,29.1,30.8,30.9,30.6,26.8,30.8,30.9,35.4,35.3,35.1,31.5,31.4,34.8,36.7,35.7,37.1,34.2,36.1,37.2,40.7,41.8,40.5,40.2,33.2,36.8,37.1,35.7,37.1,38.3,40.9,38.4,34.2,43.8,42.0,41.0,37.1,39.8,38.3,37.6,40.7,8.2%,-0.2%,1.0%,,
Belgium,0.3,0.3,0.2,0.2,0.2,0.2,0.1,0.2,0.2,0.2,0.2,0.1,0.2,0.2,0.2,0.3,0.4,0.3,0.3,0.4,0.3,0.3,0.4,0.4,0.3,0.3,0.2,0.3,0.3,0.3,0.3,0.2,0.3,0.4,0.3,0.5,0.4,0.4,0.2,0.3,0.3,0.4,0.4,0.4,0.3,0.3,0.2,0.4,0.4,0.3,0.3,0.4,0.3,0.3,0.3,-5.5%,-2.6%,?,,
Bulgaria,2.0,2.0,2.0,1.3,1.8,2.2,2.2,2.1,2.6,2.1,2.5,3.0,3.5,2.9,3.3,3.7,3.6,3.1,3.4,3.3,2.2,2.3,2.5,2.6,2.7,1.9,2.4,2.1,1.9,1.5,2.3,2.9,2.8,3.1,2.8,2.7,1.7,2.2,3.0,3.2,4.3,4.2,2.9,2.8,3.5,5.1,2.9,3.2,4.1,4.6,5.7,3.9,2.8,5.1,3.4,-33.5%,6.2%,0.1%,,
Croatia,n/a,n/a,n/a,n/a,n/a,n/a,n/a,n/a,n/a,n/a,n/a,n/a,n/a,n/a,n/a,n/a,n/a,n/a,n/a,n/a,n/a,n/a,n/a,n/a,n/a,3.8,5.9,4.3,4.6,5.4,5.7,7.9,5.9,6.0,7.3,6.5,7.2,5.9,5.5,7.6,7.0,6.6,4.7,5.8,7.4,9.1,5.0,4.8,8.6,9.0,6.4,6.9,5.3,7.7,5.8,-24.1%,2.9%,0.1%,,
Cyprus,-,-,-,-,-,-,-,-,-,-,-,-,-,-,-,-,-,-,-,-,-,-,-,-,-,-,-,-,-,-,-,-,-,-,-,-,-,-,-,-,-,-,-,-,-,-,-,-,-,-,-,-,-,-,-,?,?,?,,
Czech Republic,2.2,2.1,1.9,1.5,1.2,1.7,1.2,1.3,1.1,1.8,1.8,1.4,2.0,1.8,2.3,2.4,2.1,1.7,1.7,1.3,1.7,1.9,2.5,2.1,1.6,1.2,1.1,1.4,1.4,1.5,2.0,2.0,1.7,1.4,1.7,1.8,2.1,2.5,1.4,2.0,2.4,2.6,2.1,2.0,2.4,2.8,2.1,2.2,2.9,1.9,1.8,2.0,1.9,1.6,2.0,23.2%,-2.2%,?,,
Denmark,^,^,^,^,^,^,^,^,^,^,^,^,^,^,^,^,^,^,^,^,^,^,^,^,^,^,^,^,^,^,^,^,^,^,^,^,^,^,^,^,^,^,^,^,^,^,^,^,^,^,^,^,^,^,^,14.0%,-5.4%,?,,
Estonia,n/a,n/a,n/a,n/a,n/a,n/a,n/a,n/a,n/a,n/a,n/a,n/a,n/a,n/a,n/a,n/a,n/a,n/a,n/a,n/a,-,-,-,-,-,-,-,-,-,-,-,-,-,-,^,^,^,^,^,^,^,^,^,^,^,^,^,^,^,^,^,^,^,^,^,6.5%,-6.1%,?,,
Finland,9.4,10.4,11.6,10.5,8.7,9.5,10.7,10.4,10.6,12.7,12.2,9.5,12.2,9.8,10.9,10.2,13.7,13.1,13.6,13.2,12.3,12.4,13.8,13.4,13.0,10.9,13.2,15.1,13.5,11.8,12.9,11.8,11.9,14.9,12.7,14.6,13.1,10.7,9.6,15.0,13.6,11.4,14.1,17.1,12.7,12.9,12.4,16.8,12.8,13.4,16.8,15.8,14.8,13.1,12.3,-6.5%,-2.6%,0.3%,,
France,46.9,52.2,45.4,50.4,52.9,56.7,48.9,48.8,47.7,56.2,60.1,48.6,76.3,68.4,66.4,69.5,72.2,70.6,69.4,65.7,62.5,63.0,71.1,77.1,46.8,53.9,57.6,69.0,64.9,78.8,73.1,66.0,63.8,62.1,72.5,66.4,74.3,60.4,58.9,59.6,51.5,56.3,57.6,63.7,57.0,62.7,44.8,58.7,70.7,62.8,54.4,60.0,49.2,63.9,58.5,-8.5%,?,1.4%,,
Germany,16.2,17.5,16.7,16.9,13.7,17.5,13.5,13.2,15.2,17.6,17.1,13.8,17.6,18.4,18.4,19.1,19.9,19.7,18.7,18.5,17.4,18.6,20.3,20.1,18.2,17.3,15.9,18.6,19.0,20.2,21.6,18.8,19.0,19.0,20.7,24.9,23.2,23.7,17.7,20.1,19.6,20.0,21.2,20.4,19.0,21.0,17.7,22.1,23.0,19.6,19.0,20.5,20.2,18.0,20.2,12.3%,-1.3%,0.5%,,
Greece,0.8,1.7,1.7,1.4,2.1,2.6,2.7,2.7,2.2,2.3,2.0,1.9,1.9,3.0,3.6,3.4,3.4,3.6,2.3,2.9,2.8,3.2,2.8,2.4,1.9,1.8,3.1,2.2,2.3,2.6,3.5,4.3,3.9,3.7,4.6,3.7,2.1,2.8,4.8,4.7,5.0,5.9,2.6,3.3,5.4,7.5,4.0,4.4,6.3,4.5,6.1,5.5,4.0,5.7,4.0,-30.3%,5.7%,0.1%,,
Hungary,0.1,0.1,0.1,0.1,0.1,0.1,0.1,0.1,0.1,0.1,0.2,0.2,0.1,0.1,0.1,0.1,0.2,0.2,0.2,0.2,0.2,0.2,0.2,0.2,0.2,0.2,0.2,0.2,0.2,0.2,0.2,0.2,0.2,0.2,0.2,0.2,0.2,0.2,0.2,0.2,0.2,0.2,0.2,0.2,0.2,0.2,0.2,0.2,0.2,0.3,0.2,0.3,0.2,0.2,0.2,-0.9%,0.4%,?,,
Iceland,0.6,0.6,0.7,0.7,0.9,1.4,1.5,1.7,2.2,2.3,2.2,2.3,2.5,2.6,2.8,3.1,3.1,3.4,3.6,3.7,3.7,3.8,3.9,4.2,4.2,4.2,4.2,4.3,4.5,4.5,4.7,4.8,5.2,5.6,6.0,6.4,6.6,7.0,7.1,7.1,7.0,7.3,8.4,12.4,12.3,12.6,12.5,12.3,12.9,12.9,13.8,13.5,14.1,13.8,13.5,-2.6%,1.1%,0.3%,,
Ireland,0.9,0.8,0.8,0.8,0.6,0.8,0.5,0.7,0.6,0.8,0.5,0.6,0.7,0.7,0.8,0.8,0.9,0.8,0.8,0.7,0.8,0.9,0.7,0.9,0.7,0.7,0.7,0.8,0.8,0.9,0.7,0.7,0.7,0.9,0.8,0.8,0.6,0.9,0.6,0.6,0.6,0.7,0.7,1.0,0.9,0.6,0.7,0.8,0.6,0.7,0.8,0.7,0.7,0.7,0.9,27.7%,-3.3%,?,,
Italy,42.6,43.7,42.3,42.7,41.2,40.4,39.1,41.3,37.5,37.8,41.0,39.2,51.1,45.5,45.9,45.2,43.0,41.5,41.4,42.4,41.1,41.1,39.5,40.7,34.1,31.6,42.2,42.2,41.4,44.7,37.8,42.0,41.6,41.2,45.4,44.2,46.8,39.5,36.7,42.3,36.1,37.0,32.8,41.6,49.1,51.1,45.8,41.9,52.8,58.5,44.1,40.6,34.4,47.1,45.1,-4.1%,1.2%,1.1%,,
Latvia,n/a,n/a,n/a,n/a,n/a,n/a,n/a,n/a,n/a,n/a,n/a,n/a,n/a,n/a,n/a,n/a,n/a,n/a,n/a,n/a,3.0,3.0,3.7,3.0,3.6,4.5,3.3,2.5,2.9,3.3,2.9,1.9,3.0,4.3,2.8,2.8,2.8,2.5,2.3,3.1,3.3,2.7,2.7,3.1,3.5,3.5,2.9,3.7,2.9,2.0,1.9,2.5,4.4,2.4,2.1,-13.3%,-2.4%,?,,
Lithuania,n/a,n/a,n/a,n/a,n/a,n/a,n/a,n/a,n/a,n/a,n/a,n/a,n/a,n/a,n/a,n/a,n/a,n/a,n/a,n/a,0.4,0.4,0.4,0.4,0.4,0.4,0.3,0.3,0.4,0.5,0.4,0.3,0.3,0.4,0.4,0.3,0.3,0.4,0.3,0.4,0.5,0.4,0.4,0.4,0.4,0.5,0.5,0.4,0.5,0.4,0.3,0.5,0.6,0.5,0.3,-23.1%,1.1%,?,,
Luxembourg,0.1,0.1,0.1,0.1,0.1,0.1,^,0.1,0.1,0.1,0.1,^,0.1,0.1,0.1,0.1,0.1,0.1,0.1,0.1,0.1,0.1,0.1,0.1,0.1,0.1,0.1,0.1,0.1,0.1,0.1,0.1,0.1,0.1,0.1,0.1,0.1,0.1,0.1,0.1,0.1,0.1,0.1,0.1,0.1,0.1,0.1,0.1,0.1,0.1,0.1,0.1,0.1,0.1,0.1,14.4%,-3.5%,?,,
Netherlands,-,-,-,-,-,-,-,-,-,-,-,-,-,-,-,-,-,-,-,-,^,^,^,^,^,0.1,0.1,0.1,0.1,0.1,0.1,0.1,0.1,0.1,0.1,0.1,0.1,0.1,0.1,0.1,0.1,0.1,0.1,0.1,0.1,0.1,0.1,0.1,0.1,0.1,0.1,0.1,0.1,0.1,0.1,2.5%,-3.2%,?,,
North Macedonia,n/a,n/a,n/a,n/a,n/a,n/a,n/a,n/a,n/a,n/a,n/a,n/a,n/a,n/a,n/a,n/a,n/a,n/a,n/a,n/a,n/a,n/a,n/a,n/a,n/a,0.5,0.8,0.8,0.5,0.7,0.8,0.9,0.9,1.1,1.4,1.2,0.6,0.8,1.4,1.5,1.5,1.7,1.0,0.8,1.3,2.4,1.4,1.0,1.6,1.2,1.9,1.9,1.1,1.8,1.2,-35.0%,7.9%,?,,
Norway,49.5,48.7,53.3,60.2,57.4,57.8,63.2,67.4,72.9,76.6,77.3,81.9,72.0,80.7,88.7,83.6,92.8,92.5,105.7,105.9,102.4,96.2,103.3,108.9,118.4,121.1,110.1,116.7,119.2,111.6,121.5,103.9,109.8,115.7,121.5,141.8,120.5,129.4,105.5,108.8,135.7,119.4,133.7,139.0,125.3,116.8,120.3,141.7,128.2,135.4,137.3,142.4,142.0,139.0,125.3,-9.9%,?,3.0%,,
Poland,0.9,0.9,1.0,1.0,0.8,1.8,1.6,1.5,1.5,2.1,2.0,1.6,2.0,2.0,1.8,2.3,2.1,1.5,1.7,1.4,1.9,1.5,1.7,1.8,1.6,1.4,1.4,1.5,1.5,1.7,1.9,1.9,2.0,2.3,2.2,2.1,2.3,2.3,1.7,2.1,2.2,2.0,2.4,2.2,2.4,2.9,2.3,2.0,2.4,2.2,1.8,2.1,2.6,2.0,2.0,-0.8%,-0.9%,?,,
Portugal,4.0,5.3,5.5,5.2,6.3,5.8,6.2,7.1,7.3,7.8,6.4,4.8,10.0,10.8,11.2,8.0,5.0,6.9,8.0,9.8,10.7,8.5,9.2,12.2,5.8,9.2,9.0,4.6,8.5,10.7,8.3,14.8,13.1,13.0,7.3,11.3,14.0,7.8,15.7,9.9,4.7,10.9,10.0,6.8,8.3,16.1,11.5,5.6,13.7,15.6,8.7,15.7,5.9,12.4,8.7,-29.5%,6.2%,0.2%,,
Romania,1.0,1.0,1.5,1.6,2.2,2.8,4.5,7.3,7.5,8.5,9.4,8.1,9.3,10.6,11.3,12.6,12.7,11.9,10.0,11.3,12.7,10.8,11.2,14.8,13.7,11.4,14.6,11.7,12.8,13.0,16.7,15.8,17.5,18.9,18.3,14.8,14.9,16.0,13.3,16.5,20.2,18.4,16.0,17.2,15.5,19.9,14.7,12.1,14.8,18.5,16.6,18.0,14.5,17.7,15.4,-12.6%,0.3%,0.4%,,
Slovakia,2.2,2.1,1.8,1.7,1.3,2.0,1.5,1.5,1.3,2.2,2.0,2.0,2.4,2.3,1.9,2.3,2.0,1.7,1.8,1.6,2.1,1.7,1.9,1.8,2.0,1.9,1.4,1.9,3.5,4.4,4.9,4.2,4.1,4.3,4.5,4.6,4.9,5.3,3.3,4.0,4.5,4.3,4.3,4.1,4.4,5.1,3.6,4.0,4.7,4.3,4.1,4.3,4.3,3.6,4.2,18.3%,-1.3%,0.1%,,
Slovenia,n/a,n/a,n/a,n/a,n/a,n/a,n/a,n/a,n/a,n/a,n/a,n/a,n/a,n/a,n/a,n/a,n/a,n/a,n/a,n/a,n/a,n/a,n/a,n/a,n/a,3.0,3.6,3.4,3.0,3.4,3.3,3.7,3.1,3.5,3.7,3.8,3.8,3.3,3.0,4.1,3.5,3.6,3.3,4.0,4.7,4.5,3.6,3.9,4.6,6.1,3.8,4.5,3.9,4.7,4.4,-6.6%,1.6%,0.1%,,
Spain,19.7,27.3,22.7,24.4,30.6,27.8,31.8,35.5,28.9,30.6,26.1,20.9,39.6,40.3,46.4,29.6,21.9,26.3,27.0,31.5,31.3,26.5,27.4,35.2,19.3,25.4,27.3,18.9,24.4,28.2,23.1,39.8,34.8,34.0,22.9,29.6,41.0,22.9,41.1,31.7,17.9,25.9,27.2,23.5,26.4,42.0,30.6,20.5,36.8,39.2,28.1,36.4,18.5,34.8,25.2,-27.5%,4.0%,0.6%,,
Sweden,46.4,45.5,49.3,48.7,41.8,41.5,52.0,53.7,59.9,57.3,57.6,54.8,53.5,57.8,61.1,58.9,59.8,55.1,63.5,67.9,71.0,60.9,71.9,69.9,71.8,72.5,63.2,74.4,74.6,59.1,68.1,51.7,69.1,74.7,71.7,78.6,79.1,66.4,53.5,60.6,72.7,61.6,66.2,69.0,65.4,66.4,67.1,78.9,61.4,63.8,75.3,62.0,65.0,62.1,65.7,5.9%,-1.1%,1.6%,,
Switzerland,24.1,27.5,29.9,29.5,28.2,29.2,29.0,24.2,26.6,27.9,32.2,25.8,34.9,31.6,29.7,33.4,35.1,36.0,35.1,29.9,32.1,32.9,34.7,35.8,29.8,29.8,32.1,32.7,35.8,39.1,35.2,28.7,34.0,33.5,40.0,36.8,41.3,35.2,34.8,33.8,31.2,31.0,35.3,36.0,35.7,36.1,32.4,38.6,38.5,38.0,38.3,34.6,34.1,34.6,34.7,0.3%,-0.4%,0.8%,,
Turkey,2.2,2.3,2.4,3.2,3.4,3.0,2.6,3.2,2.6,3.4,5.9,8.4,8.6,9.3,10.3,11.3,12.6,14.2,11.3,13.4,12.0,11.9,18.6,28.9,17.9,23.1,22.7,26.6,34.0,30.6,35.5,40.5,39.8,42.2,34.7,30.9,24.0,33.7,35.3,46.1,39.6,44.2,35.9,33.3,36.0,51.8,52.3,57.9,59.4,40.6,67.1,67.2,58.2,59.9,89.2,48.8%,6.1%,2.1%,,
Ukraine,n/a,n/a,n/a,n/a,n/a,n/a,n/a,n/a,n/a,n/a,n/a,n/a,n/a,n/a,n/a,n/a,n/a,n/a,n/a,n/a,10.7,10.7,9.6,11.9,10.1,10.5,11.7,7.9,11.0,12.1,10.0,8.6,9.9,15.7,14.3,11.3,12.0,9.6,9.2,11.8,12.4,12.9,10.1,11.5,11.9,13.2,10.9,10.5,13.8,8.5,5.4,7.7,8.9,10.4,6.8,-34.5%,-1.0%,0.2%,,
United Kingdom,4.6,4.5,4.9,3.7,3.3,4.5,3.4,3.4,3.8,4.1,3.8,4.5,4.0,4.1,4.3,4.0,4.4,4.5,4.5,4.5,4.0,4.8,4.2,4.9,4.8,5.1,4.5,5.3,4.3,5.1,4.7,3.4,4.4,5.1,5.3,5.1,4.1,4.8,3.2,4.8,4.9,4.6,5.1,5.1,5.2,3.6,5.7,5.3,4.7,5.9,6.3,5.6,5.9,5.5,6.0,9.0%,0.6%,0.1%,,
Other Europe,9.4,10.4,11.2,12.4,15.3,15.4,16.5,19.1,17.7,22.1,21.1,22.6,26.7,27.8,29.4,31.6,28.5,26.8,25.2,28.8,33.0,37.5,38.7,38.7,35.6,23.3,28.5,24.7,22.6,25.5,25.6,31.9,29.0,29.2,31.4,28.1,27.2,27.2,27.0,31.3,32.0,29.9,25.5,27.5,31.9,40.6,26.9,27.6,36.0,32.6,32.3,35.7,28.8,38.8,34.1,-12.2%,3.5%,0.8%,,
Total Europe,302.2,324.6,324.5,336.2,331.0,346.1,349.6,363.8,369.3,399.3,407.5,376.8,456.3,455.5,479.1,464.8,470.4,466.3,480.1,485.2,503.0,486.1,529.5,567.5,493.8,502.5,513.1,529.7,550.5,557.2,564.9,548.1,567.7,593.9,598.2,617.7,612.0,563.9,529.6,570.2,571.7,561.9,564.0,593.0,589.7,649.8,569.6,625.8,661.6,644.1,635.9,651.4,584.8,645.3,632.5,-2.0%,0.8%,15.0%,,
,,,,,,,,,,,,,,,,,,,,,,,,,,,,,,,,,,,,,,,,,,,,,,,,,,,,,,,,,,,,
Azerbaijan,n/a,n/a,n/a,n/a,n/a,n/a,n/a,n/a,n/a,n/a,n/a,n/a,n/a,n/a,n/a,n/a,n/a,n/a,n/a,n/a,1.3,0.8,0.8,0.7,0.7,1.7,1.8,1.7,2.4,1.8,1.6,1.5,1.7,2.0,1.5,1.5,1.3,2.0,2.5,2.8,3.0,2.5,2.4,2.2,2.3,3.4,2.7,1.8,1.5,1.3,1.6,2.0,1.7,1.8,1.6,-11.5%,-2.3%,?,,
Belarus,n/a,n/a,n/a,n/a,n/a,n/a,n/a,n/a,n/a,n/a,n/a,n/a,n/a,n/a,n/a,n/a,n/a,n/a,n/a,n/a,^,^,^,^,^,^,^,^,^,^,^,^,^,^,^,^,^,^,^,^,^,^,^,^,^,^,^,0.1,0.1,0.1,0.1,0.1,0.4,0.3,0.3,?,23.6%,?,,
Kazakhstan,n/a,n/a,n/a,n/a,n/a,n/a,n/a,n/a,n/a,n/a,n/a,n/a,n/a,n/a,n/a,n/a,n/a,n/a,n/a,n/a,5.2,4.8,5.7,7.0,7.3,7.4,7.2,6.9,7.6,9.2,8.3,7.3,6.5,6.1,6.1,7.5,8.1,8.9,8.6,8.1,7.9,7.8,8.2,7.5,6.9,8.0,7.9,7.6,7.7,8.3,9.3,11.6,11.2,10.4,10.0,-3.8%,3.4%,0.2%,,
Russian Federation,n/a,n/a,n/a,n/a,n/a,n/a,n/a,n/a,n/a,n/a,n/a,n/a,n/a,n/a,n/a,n/a,n/a,n/a,n/a,n/a,159.7,164.3,162.5,160.9,159.7,166.8,168.1,172.6,174.3,175.9,176.3,154.3,157.4,158.5,160.5,164.1,173.9,162.2,155.7,175.7,172.6,173.3,177.0,164.8,174.2,166.5,163.1,163.5,181.2,173.4,168.0,184.6,185.2,190.6,194.4,2.0%,1.5%,4.6%,,
Turkmenistan,n/a,n/a,n/a,n/a,n/a,n/a,n/a,n/a,n/a,n/a,n/a,n/a,n/a,n/a,n/a,n/a,n/a,n/a,n/a,n/a,^,^,^,^,^,^,^,^,^,^,^,^,^,^,^,^,^,^,^,^,^,^,^,^,^,^,^,^,^,^,^,^,^,^,^,?,?,?,,
USSR,81.4,91.8,88.6,104.0,115.2,124.4,126.1,122.9,122.3,132.0,126.0,135.7,147.0,169.7,172.0,183.9,186.7,174.7,180.4,203.0,n/a,n/a,n/a,n/a,n/a,n/a,n/a,n/a,n/a,n/a,n/a,n/a,n/a,n/a,n/a,n/a,n/a,n/a,n/a,n/a,n/a,n/a,n/a,n/a,n/a,n/a,n/a,n/a,n/a,n/a,n/a,n/a,n/a,n/a,n/a,n/a,n/a,n/a,,
Uzbekistan,n/a,n/a,n/a,n/a,n/a,n/a,n/a,n/a,n/a,n/a,n/a,n/a,n/a,n/a,n/a,n/a,n/a,n/a,n/a,n/a,5.4,4.6,6.8,7.2,5.5,6.6,6.0,6.3,7.4,7.2,6.2,6.5,5.8,5.8,5.7,5.9,6.0,6.2,7.2,6.5,6.9,5.8,6.5,4.4,6.5,8.2,5.7,6.4,6.3,6.2,6.0,7.3,8.4,5.9,6.5,10.2%,3.0%,0.2%,,
Other CIS,n/a,n/a,n/a,n/a,n/a,n/a,n/a,n/a,n/a,n/a,n/a,n/a,n/a,n/a,n/a,n/a,n/a,n/a,n/a,n/a,22.4,20.6,21.1,29.1,25.9,28.7,28.4,28.5,30.9,32.2,28.0,29.1,26.4,26.0,29.3,29.4,28.0,28.0,31.8,32.8,33.1,32.6,33.3,28.8,28.4,30.6,33.4,33.7,32.7,31.9,30.4,30.7,33.9,35.3,35.6,0.8%,2.1%,0.8%,,
Total CIS,81.4,91.8,88.6,104.0,115.2,124.4,126.1,122.9,122.3,132.0,126.0,135.7,147.0,169.7,172.0,183.9,186.7,174.7,180.4,203.0,194.1,195.2,197.0,204.9,199.2,211.2,211.5,216.0,222.6,226.3,220.3,198.8,197.9,198.3,203.2,208.4,217.3,207.3,205.7,225.8,223.5,222.0,227.4,207.7,218.3,216.8,212.7,213.0,229.4,221.1,215.4,236.3,240.8,244.3,248.4,1.7%,1.6%,5.9%,,
,,,,,,,,,,,,,,,,,,,,,,,,,,,,,,,,,,,,,,,,,,,,,,,,,,,,,,,,,,,,
Iran,1.7,1.8,2.0,2.1,2.3,2.5,2.7,3.5,3.0,3.3,3.4,3.8,4.0,6.2,5.4,5.6,6.1,6.4,6.3,5.9,5.9,7.1,7.8,8.2,6.7,7.4,5.6,9.2,10.5,6.9,8.3,8.8,5.9,7.5,5.1,3.8,4.1,8.0,9.6,11.9,14.4,18.5,18.0,7.4,6.7,10.3,10.7,12.5,14.6,14.5,13.3,15.4,17.2,11.4,29.0,154.3%,4.4%,0.7%,,
Iraq,0.1,0.1,0.1,0.1,0.1,0.2,0.2,0.2,0.3,0.4,0.5,0.5,0.6,0.7,1.0,0.7,0.6,0.6,0.6,0.6,0.6,0.6,2.6,2.6,2.6,4.7,2.1,5.2,6.2,6.2,7.1,6.5,6.6,6.2,3.6,3.2,3.7,4.6,4.8,5.7,4.9,5.0,4.6,2.9,2.8,3.6,3.4,4.4,4.6,2.8,2.5,3.4,2.2,1.8,2.5,36.3%,-4.7%,0.1%,,
Israel,-,-,-,-,-,-,-,-,-,-,-,-,-,-,-,-,^,^,^,^,^,^,^,^,^,^,^,^,^,^,^,^,^,^,^,^,^,^,^,^,^,^,^,^,^,^,^,^,^,^,^,^,^,^,^,?,3.8%,?,,
Kuwait,-,-,-,-,-,-,-,-,-,-,-,-,-,-,-,-,-,-,-,-,-,-,-,-,-,-,-,-,-,-,-,-,-,-,-,-,-,-,-,-,-,-,-,-,-,-,-,-,-,-,-,-,-,-,-,?,?,?,,
Oman,-,-,-,-,-,-,-,-,-,-,-,-,-,-,-,-,-,-,-,-,-,-,-,-,-,-,-,-,-,-,-,-,-,-,-,-,-,-,-,-,-,-,-,-,-,-,-,-,-,-,-,-,-,-,-,?,?,?,,
Qatar,-,-,-,-,-,-,-,-,-,-,-,-,-,-,-,-,-,-,-,-,-,-,-,-,-,-,-,-,-,-,-,-,-,-,-,-,-,-,-,-,-,-,-,-,-,-,-,-,-,-,-,-,-,-,-,?,?,?,,
Saudi Arabia,-,-,-,-,-,-,-,-,-,-,-,-,-,-,-,-,-,-,-,-,-,-,-,-,-,-,-,-,-,-,-,-,-,-,-,-,-,-,-,-,-,-,-,-,-,-,-,-,-,-,-,-,-,-,-,?,?,?,,
United Arab Emirates,-,-,-,-,-,-,-,-,-,-,-,-,-,-,-,-,-,-,-,-,-,-,-,-,-,-,-,-,-,-,-,-,-,-,-,-,-,-,-,-,-,-,-,-,-,-,-,-,-,-,-,-,-,-,-,?,?,?,,
Other Middle East,0.6,0.6,0.7,0.8,1.0,0.9,0.9,0.9,0.5,1.2,1.6,2.0,2.6,2.9,3.2,3.4,3.5,3.6,3.4,3.9,3.9,3.4,3.5,3.4,3.3,3.2,3.3,3.4,3.3,3.4,3.2,3.4,3.4,3.5,3.1,3.7,3.8,4.2,4.1,5.4,4.5,4.7,4.2,3.3,2.5,3.5,4.1,4.5,4.2,2.6,0.9,1.4,1.4,1.3,1.8,44.0%,-9.1%,?,,
Total Middle East,2.3,2.5,2.8,3.1,3.4,3.6,3.8,4.6,3.8,4.8,5.4,6.3,7.1,9.8,9.6,9.7,10.2,10.6,10.2,10.4,10.4,11.1,13.9,14.3,12.6,15.3,11.0,17.8,20.0,16.5,18.7,18.7,15.9,17.2,11.8,10.7,11.6,16.8,18.5,23.1,23.9,28.3,26.7,13.7,12.1,17.4,18.3,21.4,23.5,19.9,16.8,20.2,20.8,14.5,33.3,129.5%,0.6%,0.8%,,
,,,,,,,,,,,,,,,,,,,,,,,,,,,,,,,,,,,,,,,,,,,,,,,,,,,,,,,,,,,,
Algeria,0.4,0.4,0.4,0.6,0.4,0.6,0.3,0.5,0.8,0.5,0.3,0.4,0.3,0.3,0.3,0.3,0.4,0.5,0.2,0.5,0.6,0.3,0.5,0.2,0.2,0.1,0.3,0.2,0.4,0.2,0.2,0.1,0.1,0.2,0.2,0.1,0.1,0.1,0.3,0.3,0.6,0.2,0.2,0.3,0.3,0.2,0.4,0.4,0.1,0.2,0.1,0.1,0.1,0.1,0.2,29.5%,-8.5%,?,,
Egypt,1.7,1.8,2.0,3.0,4.0,4.7,5.0,5.2,5.2,6.1,6.8,8.0,9.0,9.9,9.6,9.8,10.2,10.5,9.8,9.6,9.1,9.0,9.0,8.8,9.5,10.0,9.9,9.8,10.1,10.7,11.2,11.5,11.8,12.1,13.4,14.2,14.4,14.0,12.9,12.8,12.6,12.8,14.2,15.1,13.8,13.0,13.0,13.0,13.2,13.6,13.7,13.5,13.1,13.4,13.4,0.2%,-1.2%,0.3%,,
Morocco,1.2,1.1,0.9,1.1,1.4,1.3,1.5,1.6,1.2,1.3,1.0,1.0,1.4,1.4,1.6,1.5,1.0,0.6,0.5,0.4,0.5,0.6,0.8,0.9,1.2,1.2,1.2,1.0,0.4,0.8,0.6,2.0,2.1,1.8,0.8,0.7,0.9,0.8,1.4,1.6,1.0,1.0,0.9,0.9,2.6,3.5,2.0,1.6,2.8,1.6,1.9,1.3,1.2,1.7,1.3,-25.4%,6.3%,?,,
South Africa,^,^,^,^,^,^,0.1,0.8,1.0,1.1,1.1,1.9,1.9,1.9,1.1,1.0,1.7,1.0,0.6,0.6,0.6,1.6,1.6,3.2,2.8,1.0,2.0,0.8,0.1,1.1,0.5,1.3,2.1,1.6,0.7,1.1,1.7,2.1,0.8,0.9,1.3,2.9,2.9,1.3,1.5,1.1,3.1,1.0,1.1,1.8,0.8,0.7,0.9,0.8,0.8,?,-4.9%,?,,
Eastern Africa,6.0,7.2,7.0,7.2,7.9,11.3,8.9,10.9,11.2,14.3,15.2,16.7,19.1,18.2,19.8,18.1,18.9,19.6,19.4,18.9,19.7,18.8,16.4,18.6,18.0,21.3,21.7,19.6,20.5,20.7,20.9,20.7,21.8,27.9,29.4,30.9,35.0,38.0,38.4,39.0,40.3,42.6,46.4,45.8,48.0,54.0,55.6,58.1,61.8,66.0,65.3,61.8,64.1,67.3,68.9,2.3%,3.9%,1.6%,,
Middle Africa,3.9,4.1,3.8,4.0,4.4,4.9,5.2,5.3,5.8,5.7,6.2,6.0,6.1,6.2,6.3,6.6,7.0,7.3,7.7,8.1,9.1,9.4,9.5,9.6,11.4,10.3,10.0,10.8,10.2,9.7,10.8,10.9,10.1,9.9,10.3,11.4,11.6,11.7,12.1,14.0,14.5,15.6,15.1,16.2,16.1,16.8,17.1,16.9,19.4,20.4,20.7,21.3,24.4,26.2,27.4,4.7%,4.9%,0.6%,,
Western Africa,0.5,0.9,1.9,3.0,4.0,4.6,4.8,5.2,6.1,6.5,6.9,7.6,7.9,7.0,9.5,9.7,9.7,9.4,5.7,5.1,8.2,10.0,9.8,10.8,11.7,11.9,13.9,14.3,13.7,13.5,14.2,14.7,15.0,11.9,14.0,15.0,15.3,16.4,14.8,16.8,16.4,14.9,13.3,15.5,15.2,16.8,17.0,17.4,17.2,17.8,15.0,15.1,17.9,19.1,19.1,0.1%,2.1%,0.5%,,
Other Northern Africa,^,^,^,^,^,^,^,0.1,0.1,^,^,0.1,^,^,^,^,^,^,^,0.1,0.1,0.1,0.1,^,^,^,0.1,0.1,0.1,^,^,0.1,^,0.1,0.1,0.1,0.1,0.1,0.2,0.2,0.1,0.1,^,^,0.1,^,0.1,0.1,0.1,0.1,0.1,^,^,^,0.1,299.3%,-8.0%,?,,
Other Southern Africa,^,^,^,^,0.1,0.1,0.1,0.1,0.1,0.1,0.1,0.1,0.1,1.3,1.3,1.3,1.3,1.3,1.3,1.3,1.4,1.4,1.4,1.4,1.4,1.3,1.5,1.4,1.2,0.9,1.3,1.1,0.8,1.2,1.7,2.0,1.8,2.0,2.0,1.9,2.3,2.1,2.2,2.1,2.2,2.0,2.2,2.4,2.0,2.3,2.3,2.0,2.2,1.9,1.7,-7.1%,-1.0%,?,,
Total Africa,13.9,15.5,16.2,18.9,22.1,27.6,26.0,29.6,31.3,35.7,37.7,41.8,45.9,46.3,49.6,48.3,50.2,50.2,45.2,44.5,49.4,51.1,49.1,53.6,56.3,57.3,60.7,57.9,56.7,57.6,59.8,62.3,63.9,66.7,70.7,75.2,80.9,85.2,82.9,87.4,89.1,92.2,95.3,97.2,99.8,107.4,110.4,111.0,117.7,123.7,119.9,115.8,123.8,130.4,132.7,1.8%,3.0%,3.1%,,
,,,,,,,,,,,,,,,,,,,,,,,,,,,,,,,,,,,,,,,,,,,,,,,,,,,,,,,,,,,,
Australia,7.7,7.3,7.6,8.0,8.7,10.2,11.5,11.6,12.3,13.9,14.9,14.2,13.5,14.7,14.2,13.5,13.9,12.8,12.1,13.1,13.9,14.0,13.6,14.3,14.3,14.8,15.7,15.9,16.4,16.2,15.6,16.0,16.0,15.8,16.3,16.5,16.1,16.1,16.2,15.7,15.5,14.9,13.0,11.8,12.6,13.7,19.6,17.0,19.1,14.5,14.1,17.6,13.5,17.4,14.3,-17.6%,3.9%,0.3%,,
Bangladesh,-,-,-,-,-,-,-,0.2,0.3,0.2,0.4,0.5,0.4,0.5,0.6,0.6,0.6,0.5,0.7,0.9,0.7,0.5,0.5,0.7,0.9,0.9,0.8,0.8,0.6,0.8,0.4,0.7,0.7,0.9,0.8,0.7,1.0,0.7,0.7,0.7,0.7,0.7,0.7,1.0,0.4,0.7,0.9,0.8,0.7,0.6,0.9,0.9,1.0,0.9,0.8,-4.9%,-0.9%,?,,
China,22.1,22.5,19.4,22.9,23.3,24.0,29.1,33.0,36.8,41.7,43.6,44.2,46.1,43.2,48.6,58.2,65.5,74.4,86.4,86.8,92.4,94.5,100.0,109.2,118.4,126.7,124.7,130.7,151.8,167.4,190.6,188.0,196.0,198.9,196.6,222.4,277.4,288.0,283.7,353.5,397.0,435.8,485.3,637.0,615.6,711.4,688.0,862.8,909.6,1059.7,1114.5,1153.3,1165.1,1198.9,1269.7,5.9%,6.5%,30.1%,,
China Hong Kong SAR,-,-,-,-,-,-,-,-,-,-,-,-,-,-,-,-,-,-,-,-,-,-,-,-,-,-,-,-,-,-,-,-,-,-,-,-,-,-,-,-,-,-,-,-,-,-,-,-,-,-,-,-,-,-,-,?,?,?,,
India,19.2,20.0,22.4,25.8,28.7,30.4,33.4,32.4,34.5,33.2,39.7,41.5,45.3,56.2,54.2,55.4,59.1,49.9,48.0,53.7,51.8,52.6,49.0,54.6,63.4,66.4,73.9,70.1,70.7,80.2,75.9,69.1,70.2,83.6,82.2,77.0,72.0,68.5,69.3,100.6,97.4,112.6,122.6,115.2,106.3,108.7,131.7,115.8,132.0,139.0,133.3,128.4,135.8,139.6,161.8,15.9%,1.9%,3.8%,,
Indonesia,1.8,2.4,2.7,3.3,3.4,4.2,1.4,1.2,1.6,1.7,1.8,1.1,1.8,1.3,1.4,1.3,1.3,1.4,2.1,2.3,2.8,4.5,4.6,5.0,6.3,6.5,7.4,9.6,8.9,8.0,8.3,8.8,5.9,10.4,10.4,10.0,11.7,9.9,9.1,9.7,10.7,9.6,11.3,11.5,11.4,17.5,12.4,12.8,16.9,15.2,13.7,18.7,18.6,16.8,17.0,1.0%,3.9%,0.4%,,
Japan,76.1,79.4,68.6,73.5,75.4,75.4,84.2,85.1,66.8,82.7,83.4,83.6,73.0,70.0,80.7,88.3,87.6,81.6,84.3,71.6,82.9,80.8,74.8,90.3,91.7,86.9,94.4,80.0,92.6,64.5,78.8,77.2,86.4,89.1,83.8,84.5,81.5,80.6,92.5,91.7,77.6,88.8,74.5,75.2,70.5,88.5,82.5,77.1,79.3,81.7,85.8,74.1,79.2,81.0,73.9,-8.7%,0.8%,1.8%,,
Malaysia,0.6,0.7,0.7,0.8,1.0,1.2,1.0,1.2,1.1,1.0,1.0,0.9,0.8,0.9,1.1,1.4,1.6,1.5,1.7,3.5,3.8,4.1,5.0,5.7,5.3,4.0,4.4,4.3,4.9,6.5,6.2,5.2,4.2,4.5,7.6,7.0,6.1,5.4,5.1,5.6,6.0,6.3,6.0,7.8,6.9,6.4,8.1,9.3,11.8,13.4,13.9,20.0,26.8,26.5,27.0,2.2%,13.0%,0.6%,,
New Zealand,10.0,10.8,11.2,11.8,11.6,12.7,14.4,15.3,15.1,15.2,16.7,15.5,14.7,15.7,18.4,19.4,19.7,18.3,19.8,20.4,19.7,22.1,21.9,23.0,22.6,23.2,22.9,21.1,23.5,25.8,27.5,26.2,23.3,25.3,22.9,24.4,21.7,24.9,23.6,27.2,23.3,23.6,23.6,22.3,24.2,24.7,25.1,22.9,23.0,24.3,24.5,25.9,25.2,26.3,25.6,-2.7%,1.6%,0.6%,,
Pakistan,2.2,2.2,2.6,3.1,3.3,2.9,3.8,4.0,4.2,4.3,4.9,5.3,6.3,7.8,8.5,8.9,9.3,10.4,12.1,12.5,13.0,12.5,16.4,17.2,17.4,17.1,18.3,19.9,21.9,21.5,22.7,24.8,18.4,24.1,21.5,17.6,18.3,20.4,24.6,26.2,30.7,30.3,31.7,27.3,28.7,29.8,30.6,10.7,49.7,32.3,32.8,34.6,30.6,29.1,35.6,22.3%,0.6%,0.8%,,
Philippines,1.6,1.5,1.7,1.7,1.8,2.1,1.9,2.2,2.4,2.1,2.3,2.8,2.1,2.8,2.9,3.5,3.7,3.8,4.0,5.3,5.6,6.0,5.2,6.3,6.5,6.1,5.1,4.4,5.0,5.9,6.2,7.0,6.1,5.1,7.8,7.8,7.1,7.0,7.9,8.6,8.4,9.9,8.6,9.8,9.8,7.8,9.7,10.3,10.0,9.1,8.7,8.1,9.6,9.4,9.7,2.9%,-0.5%,0.2%,,
Singapore,-,-,-,-,-,-,-,-,-,-,-,-,-,-,-,-,-,-,-,-,-,-,-,-,-,-,-,-,-,-,-,-,-,-,-,-,-,-,-,-,-,-,-,-,-,-,-,-,-,-,-,-,-,-,-,?,?,?,,
South Korea,0.7,1.0,1.0,0.9,1.4,1.2,1.3,1.4,1.3,1.9,1.7,1.8,1.4,1.8,2.3,1.9,2.6,1.7,2.3,2.0,3.2,3.1,4.0,2.0,3.0,4.7,3.5,3.1,4.2,2.3,2.8,2.4,2.8,4.3,4.2,4.0,2.3,3.2,4.9,4.3,3.7,3.5,3.6,3.1,2.8,3.7,4.6,4.0,4.3,2.8,2.1,2.8,2.8,3.4,2.8,-17.4%,0.9%,0.1%,,
Sri Lanka,0.4,0.4,0.4,0.5,0.5,0.7,0.8,0.8,0.7,1.0,1.1,1.1,1.2,1.4,1.5,1.5,1.6,1.6,1.2,2.1,2.4,2.6,2.2,2.6,2.8,3.1,3.1,2.9,3.8,4.1,4.5,3.3,3.4,3.9,4.2,3.2,3.1,2.7,3.3,3.0,3.5,4.6,4.0,4.1,3.9,5.6,4.6,3.3,6.9,4.6,6.0,4.2,4.0,6.4,4.8,-24.9%,4.5%,0.1%,,
Taiwan,2.6,2.7,2.6,3.9,3.1,2.9,3.1,3.6,3.4,4.7,5.3,4.3,4.0,5.0,4.6,2.9,4.8,4.8,5.0,4.4,6.0,6.1,5.5,4.7,4.9,6.4,3.9,6.6,4.1,5.1,4.8,4.7,5.2,6.2,5.1,4.6,5.1,2.8,3.0,3.2,4.0,4.1,4.4,4.3,3.7,4.2,4.0,5.7,5.4,4.3,4.5,6.6,5.4,4.5,5.5,24.1%,0.4%,0.1%,,
Thailand,0.8,1.1,1.4,1.4,1.0,1.8,2.0,1.7,1.9,2.5,3.4,3.6,3.3,2.1,3.3,1.3,3.0,3.8,3.7,4.1,3.7,5.5,4.1,3.7,5.5,4.9,4.5,4.2,3.6,4.4,6.6,7.2,7.1,5.1,3.4,5.9,6.2,7.4,7.2,5.9,5.7,8.0,8.0,7.0,7.0,5.3,7.9,8.4,5.4,5.2,3.8,3.5,4.7,7.6,6.3,-16.9%,0.9%,0.1%,,
Vietnam,0.3,0.4,0.4,0.5,0.5,0.6,0.6,0.4,0.4,0.4,0.5,0.6,0.6,0.8,1.0,1.5,1.5,1.6,1.2,1.6,1.5,1.4,1.4,1.8,3.8,5.4,6.3,7.2,8.0,9.2,10.6,12.0,11.7,11.1,13.8,14.6,18.2,18.2,19.0,17.8,16.5,19.7,22.4,26.0,30.0,28.5,41.1,53.3,57.8,62.2,57.2,66.0,88.8,84.5,65.6,-22.4%,12.5%,1.6%,,
Other Asia Pacific,10.0,10.0,10.2,10.3,10.3,10.4,10.7,11.1,11.2,11.5,11.9,12.3,12.5,12.9,13.8,13.9,14.1,14.6,14.8,15.2,16.7,17.8,18.8,20.8,21.3,22.3,21.5,20.6,20.2,21.4,21.8,20.8,18.5,18.5,19.7,21.5,22.6,23.0,24.2,25.4,27.2,29.2,32.5,34.4,34.2,41.0,47.0,47.8,53.5,53.2,49.9,58.1,60.7,58.7,63.2,7.6%,5.5%,1.5%,,
Total Asia Pacific,156.1,162.3,152.9,168.2,174.2,180.7,199.3,205.1,194.0,217.9,232.4,233.3,227.0,237.0,257.0,273.4,289.7,282.7,299.3,299.4,320.0,328.2,326.9,361.8,388.0,399.3,410.5,401.5,440.3,443.3,483.4,473.4,475.9,506.7,500.2,521.7,570.5,578.9,594.4,699.2,727.9,801.7,852.2,997.8,968.1,1097.7,1117.8,1262.0,1385.6,1521.9,1565.6,1623.0,1672.0,1710.9,1783.7,4.3%,5.5%,42.2%,,
,,,,,,,,,,,,,,,,,,,,,,,,,,,,,,,,,,,,,,,,,,,,,,,,,,,,,,,,,,,,
Total World,923.2,983.8,1005.7,1059.3,1121.7,1174.6,1227.1,1284.6,1303.0,1431.3,1448.9,1443.1,1491.7,1614.4,1695.2,1731.7,1768.9,1800.9,1877.8,1941.4,1979.8,2006.6,2033.7,2098.7,2087.6,2158.9,2209.4,2209.1,2341.2,2356.9,2485.6,2520.5,2566.1,2586.9,2605.7,2652.0,2583.9,2631.8,2627.6,2820.7,2916.4,3027.7,3079.3,3257.4,3252.5,3435.8,3501.1,3649.7,3814.0,3894.2,3884.6,4012.9,4065.9,4171.4,4222.2,1.2%,2.5%,100.0%,,
of which: OECD,714.2,754.9,774.5,795.7,832.8,856.2,891.9,930.2,931.8,1021.3,1021.5,984.5,991.5,1061.5,1106.3,1097.7,1114.6,1144.1,1194.9,1196.2,1194.4,1185.5,1185.5,1199.3,1164.3,1202.0,1215.9,1208.5,1279.1,1232.2,1319.9,1352.3,1380.3,1347.9,1357.8,1364.3,1261.9,1282.6,1255.9,1284.3,1296.0,1316.1,1278.9,1331.8,1320.5,1357.9,1388.1,1394.0,1414.8,1393.1,1377.4,1397.4,1388.6,1423.0,1380.2,-3.0%,0.7%,32.7%,,
                 Non-OECD,209.0,228.9,231.2,263.6,289.0,318.5,335.2,354.4,371.2,410.0,427.4,458.6,500.2,552.9,588.9,633.9,654.3,656.8,682.8,745.2,785.4,821.0,848.2,899.4,923.3,956.9,993.5,1000.6,1062.2,1124.7,1165.8,1168.2,1185.8,1239.1,1247.9,1287.6,1322.0,1349.3,1371.7,1536.4,1620.4,1711.5,1800.4,1925.6,1932.0,2078.0,2113.0,2255.7,2399.3,2501.0,2507.3,2615.5,2677.2,2748.4,2842.1,3.4%,3.6%,67.3%,,
                 European Union #,216.4,235.0,227.1,230.3,225.7,239.3,236.6,248.2,247.4,267.1,268.7,235.7,311.5,303.6,318.2,301.7,298.2,293.4,299.2,303.4,309.1,293.1,320.8,339.1,277.7,289.9,303.0,316.0,322.9,333.1,331.6,328.8,339.1,350.8,348.9,361.3,379.8,321.2,309.2,329.8,312.3,315.6,314.1,332.4,335.4,376.5,312.8,336.1,371.3,374.8,339.8,348.4,297.6,346.9,327.9,-5.5%,0.4%,7.8%,,
,,,,,,,,,,,,,,,,,,,,,,,,,,,,,,,,,,,,,,,,,,,,,,,,,,,,,,,,,,,,
 * Based on gross primary hydroelectric generation and not accounting for cross-border electricity supply. ,,,,,,,,,,,,,,,,,,,,,,,,,,,,,,,,,,,,,,,,,,,,,,,,,,,,,,,,,,,,
 ^ Less than 0.05.,,,,,,,,,,,,,,,,,,,,,,,,,,,,,,,,,,,,,,,,,,,,,,,,,,,,,,,,,,,,
 ? Less than 0.05%.,,,,,,,,,,,,,,,,,,,,,,,,,,,,,,,,,,,,,,,,,,,,,,,,,,,,,,,,,,,,
 n/a not available.,,,,,,,,,,,,,,,,,,,,,,,,,,,,,,,,,,,,,,,,,,,,,,,,,,,,,,,,,,,,
"USSR includes CIS, Georgia, Ukraine and the Baltic States.",,,,,,,,,,,,,,,,,,,,,,,,,,,,,,,,,,,,,,,,,,,,,,,,,,,,,,,,,,,,
" #  Excludes Estonia, Latvia and Lithuania prior to 1985 and Croatia and Slovenia prior to 1990.",,,,,,,,,,,,,,,,,,,,,,,,,,,,,,,,,,,,,,,,,,,,,,,,,,,,,,,,,,,,
Notes: Annual changes and shares of total are calculated using terawatt-hours figures.,,,,,,,,,,,,,,,,,,,,,,,,,,,,,,,,,,,,,,,,,,,,,,,,,,,,,,,,,,,,
